{
    "name": "D20_T2",
    "n_atoms": 890,
    "n_Au": 500,
    "n_Fe": 110,
    "n_Rh": 50,
    "n_O": 230,
    "ratio_Metal_O": 0.696,
    "min_dist_Au_Au": 2.6167,
    "min_dist_Metal_O": 1.8513,
    "min_dist_O_O": 2.4345,
    "min_dist_Au_Metal": 2.5607,
    "min_dist_Au_O": 2.0942,
    "min_dist_global": 1.8513,
    "Au_connectivity": 1.0,
    "final_energy_eV": -4385.57666015625,
    "final_fmax_eV_per_A": 1.949723243713379,
    "Au-Au_nn_mean": 2.7450645404629412,
    "Au-Au_nn_p05": 2.6730193089482808,
    "Au-Au_nn_p50": 2.749458485344956,
    "Au-Au_nn_p95": 2.8067155601738003,
    "Au-O_nn_mean": 4.077193253116861,
    "Au-O_nn_p05": 2.1891295909869193,
    "Au-O_nn_p50": 4.291927490138265,
    "Au-O_nn_p95": 5.6228268515774165,
    "Au-Metal_nn_mean": 4.400792847996998,
    "Au-Metal_nn_p05": 2.7067787639558847,
    "Au-Metal_nn_p50": 4.590712112691371,
    "Au-Metal_nn_p95": 5.925468826873327
}