{
    "name": "D20_T1",
    "n_atoms": 614,
    "n_Au": 224,
    "n_Fe": 110,
    "n_Rh": 50,
    "n_O": 230,
    "ratio_Metal_O": 0.696,
    "min_dist_Au_Au": 2.5962,
    "min_dist_Metal_O": 1.8014,
    "min_dist_O_O": 2.5375,
    "min_dist_Au_Metal": 2.5012,
    "min_dist_Au_O": 2.046,
    "min_dist_global": 1.8014,
    "Au_connectivity": 1.0,
    "final_energy_eV": -3512.420654296875,
    "final_fmax_eV_per_A": 1.665753960609436,
    "p05_Au-Au_nn": 2.6502,
    "p50_Au-Au_nn": 2.7381,
    "p95_Au-Au_nn": 2.8081,
    "p05_Au-O_nn": 2.1003,
    "p50_Au-O_nn": 3.3492,
    "p95_Au-O_nn": 4.9145,
    "p05_Au-Metal_nn": 2.6411,
    "p50_Au-Metal_nn": 3.312,
    "p95_Au-Metal_nn": 5.5275
}