{
    "name": "D20_T2",
    "n_atoms": 818,
    "n_Au": 428,
    "n_Fe": 110,
    "n_Rh": 50,
    "n_O": 230,
    "ratio_Metal_O": 0.696,
    "min_dist_Au_Au": 2.5868,
    "min_dist_Metal_O": 1.8459,
    "min_dist_O_O": 2.5303,
    "min_dist_Au_Metal": 2.5332,
    "min_dist_Au_O": 2.0701,
    "min_dist_global": 1.8459,
    "Au_connectivity": 1.0,
    "final_energy_eV": -4154.62060546875,
    "final_fmax_eV_per_A": 2.175610065460205,
    "p05_Au-Au_nn": 2.6603,
    "p50_Au-Au_nn": 2.7476,
    "p95_Au-Au_nn": 2.804,
    "p05_Au-O_nn": 2.1532,
    "p50_Au-O_nn": 3.881,
    "p95_Au-O_nn": 5.3778,
    "p05_Au-Metal_nn": 2.6724,
    "p50_Au-Metal_nn": 4.3069,
    "p95_Au-Metal_nn": 5.6599
}