{
    "name": "D7_T2",
    "n_atoms": 140,
    "n_Au": 122,
    "n_Fe": 6,
    "n_Rh": 2,
    "n_O": 10,
    "ratio_Metal_O": 0.8,
    "min_dist_Au_Au": 2.6742,
    "min_dist_Metal_O": 1.863,
    "min_dist_O_O": 2.8217,
    "min_dist_Au_Metal": 2.5633,
    "min_dist_Au_O": 2.1661,
    "min_dist_global": 1.863,
    "Au_connectivity": 1.0,
    "final_energy_eV": -492.7011413574219,
    "final_fmax_eV_per_A": 0.9878259301185608,
    "p05_Au-Au_nn": 2.6944,
    "p50_Au-Au_nn": 2.7452,
    "p95_Au-Au_nn": 2.811,
    "p05_Au-O_nn": 2.3634,
    "p50_Au-O_nn": 4.5716,
    "p95_Au-O_nn": 5.8194,
    "p05_Au-Metal_nn": 2.6633,
    "p50_Au-Metal_nn": 4.7712,
    "p95_Au-Metal_nn": 6.0294
}